,from_article,to_article,similarity_score
0,0,0,0.9999999403953552
1,0,1,0.7349451780319214
2,0,2,0.6568180322647095
3,0,3,0.6172302961349487
4,0,4,0.7143793702125549
5,0,5,0.6244472861289978
6,0,6,0.6078769564628601
7,0,7,0.7490972876548767
8,0,8,0.6579791903495789
9,0,9,0.7223352193832397
10,0,10,0.784769594669342
11,0,11,0.661041259765625
12,0,12,0.7611554265022278
13,0,13,0.7171460390090942
14,0,14,0.6524953246116638
15,0,15,0.6180611848831177
16,0,16,0.7345772385597229
17,0,17,0.3760159611701965
18,0,18,0.69785076379776
19,0,19,0.7046846151351929
20,0,20,0.6897068023681641
21,0,21,0.7289134860038757
22,0,22,0.7575889825820923
23,0,23,0.6058970093727112
24,0,24,0.7432993054389954
25,0,25,0.6594271063804626
26,0,26,0.6780253648757935
27,0,27,0.7534206509590149
28,0,28,0.7021785974502563
29,0,29,0.6702937483787537
30,0,30,0.7091555595397949
31,0,31,0.6645420789718628
32,0,32,0.6741257905960083
33,0,33,0.7751944661140442
34,0,34,0.7017579078674316
35,0,35,0.7336953282356262
36,0,36,0.7103850841522217
37,0,37,0.7049136757850647
38,0,38,0.6435731649398804
39,0,39,0.7664661407470703
40,0,40,0.6786019206047058
41,0,41,0.5860350728034973
42,0,42,0.609212338924408
43,0,43,0.639201283454895
44,0,44,0.7160427570343018
45,0,45,0.7342805862426758
46,0,46,0.6588549613952637
47,0,47,0.4546308517456054
48,0,48,0.6768559217453003
49,0,49,0.703305721282959
50,1,0,0.7349451780319214
51,1,1,1.000000238418579
52,1,2,0.7201763391494751
53,1,3,0.8102623820304871
54,1,4,0.7174501419067383
55,1,5,0.6255375146865845
56,1,6,0.7028111815452576
57,1,7,0.8228369951248169
58,1,8,0.7262454032897949
59,1,9,0.7221770882606506
60,1,10,0.8046852350234985
61,1,11,0.6052936315536499
62,1,12,0.8015841841697693
63,1,13,0.8266419172286987
64,1,14,0.7140858173370361
65,1,15,0.6465793251991272
66,1,16,0.7766854763031006
67,1,17,0.3586620092391968
68,1,18,0.7189322710037231
69,1,19,0.7248702049255371
70,1,20,0.7131841778755188
71,1,21,0.7391689419746399
72,1,22,0.7092676162719727
73,1,23,0.5872390270233154
74,1,24,0.7861533164978027
75,1,25,0.6860460042953491
76,1,26,0.8320156335830688
77,1,27,0.681983470916748
78,1,28,0.7629669904708862
79,1,29,0.7632735371589661
80,1,30,0.8354798555374146
81,1,31,0.7092177867889404
82,1,32,0.7034072875976562
83,1,33,0.8434476256370544
84,1,34,0.7116191387176514
85,1,35,0.7562924027442932
86,1,36,0.7720854878425598
87,1,37,0.8507554531097412
88,1,38,0.6351315975189209
89,1,39,0.8116273283958435
90,1,40,0.7237405776977539
91,1,41,0.6194605827331543
92,1,42,0.5723429322242737
93,1,43,0.7855754494667053
94,1,44,0.7966036796569824
95,1,45,0.731713056564331
96,1,46,0.6836748123168945
97,1,47,0.5728785991668701
98,1,48,0.7868988513946533
99,1,49,0.8460410237312317
100,2,0,0.6568180322647095
101,2,1,0.7201763391494751
102,2,2,0.9999998807907104
103,2,3,0.7021093368530273
104,2,4,0.6692109107971191
105,2,5,0.5563479065895081
106,2,6,0.7543919682502747
107,2,7,0.6898555159568787
108,2,8,0.6671260595321655
109,2,9,0.7532936334609985
110,2,10,0.7856279611587524
111,2,11,0.4808975458145141
112,2,12,0.6906731128692627
113,2,13,0.6659066081047058
114,2,14,0.7564636468887329
115,2,15,0.7187445759773254
116,2,16,0.7642286419868469
117,2,17,0.3142497539520263
118,2,18,0.8193915486335754
119,2,19,0.6211026310920715
120,2,20,0.6352492570877075
121,2,21,0.7115070819854736
122,2,22,0.7443686127662659
123,2,23,0.5383032560348511
124,2,24,0.8119017481803894
125,2,25,0.6808816194534302
126,2,26,0.7784978151321411
127,2,27,0.7393675446510315
128,2,28,0.779564619064331
129,2,29,0.6624224781990051
130,2,30,0.8048197031021118
131,2,31,0.7455266118049622
132,2,32,0.714352011680603
133,2,33,0.7698931694030762
134,2,34,0.6563646793365479
135,2,35,0.7477092742919922
136,2,36,0.721826434135437
137,2,37,0.7256757020950317
138,2,38,0.6234780550003052
139,2,39,0.7188710570335388
140,2,40,0.7777142524719238
141,2,41,0.6802650690078735
142,2,42,0.5594775080680847
143,2,43,0.7427404522895813
144,2,44,0.7036960124969482
145,2,45,0.6314436197280884
146,2,46,0.6565091609954834
147,2,47,0.5063175559043884
148,2,48,0.7218732237815857
149,2,49,0.6760663986206055
150,3,0,0.6172302961349487
151,3,1,0.8102623820304871
152,3,2,0.7021093368530273
153,3,3,1.0
154,3,4,0.6415804028511047
155,3,5,0.5754432082176208
156,3,6,0.7042921185493469
157,3,7,0.687610387802124
158,3,8,0.6622834205627441
159,3,9,0.6244860887527466
160,3,10,0.7484524846076965
161,3,11,0.4747366309165954
162,3,12,0.6425060033798218
163,3,13,0.6525583267211914
164,3,14,0.7499880194664001
165,3,15,0.6463265419006348
166,3,16,0.6790275573730469
167,3,17,0.3127842247486114
168,3,18,0.6662890911102295
169,3,19,0.4954426884651184
170,3,20,0.5222371816635132
171,3,21,0.6595363020896912
172,3,22,0.6808068156242371
173,3,23,0.5252490639686584
174,3,24,0.7660059332847595
175,3,25,0.6244469881057739
176,3,26,0.877576470375061
177,3,27,0.6024132370948792
178,3,28,0.6362392902374268
179,3,29,0.6327128410339355
180,3,30,0.775234580039978
181,3,31,0.667283833026886
182,3,32,0.6814765930175781
183,3,33,0.7544991970062256
184,3,34,0.635106086730957
185,3,35,0.6492950320243835
186,3,36,0.6759828329086304
187,3,37,0.6489535570144653
188,3,38,0.6365161538124084
189,3,39,0.6411804556846619
190,3,40,0.7027395963668823
191,3,41,0.6674289703369141
192,3,42,0.6033686399459839
193,3,43,0.82441246509552
194,3,44,0.6294249296188354
195,3,45,0.6476584076881409
196,3,46,0.6682977676391602
197,3,47,0.5096498727798462
198,3,48,0.611573338508606
199,3,49,0.6408356428146362
200,4,0,0.7143793702125549
201,4,1,0.7174501419067383
202,4,2,0.6692109107971191
203,4,3,0.6415804028511047
204,4,4,1.0
205,4,5,0.6079710125923157
206,4,6,0.5771677494049072
207,4,7,0.7501407861709595
208,4,8,0.6430380344390869
209,4,9,0.6908431053161621
210,4,10,0.832298994064331
211,4,11,0.6306241750717163
212,4,12,0.6744300127029419
213,4,13,0.727368175983429
214,4,14,0.729739248752594
215,4,15,0.589167594909668
216,4,16,0.7515089511871338
217,4,17,0.4620605707168579
218,4,18,0.7468090057373047
219,4,19,0.640324592590332
220,4,20,0.6445556282997131
221,4,21,0.6972885131835938
222,4,22,0.7260241508483887
223,4,23,0.5685616731643677
224,4,24,0.7670401334762573
225,4,25,0.5971851348876953
226,4,26,0.6539833545684814
227,4,27,0.707680344581604
228,4,28,0.6826574802398682
229,4,29,0.7552365660667419
230,4,30,0.6776657104492188
231,4,31,0.5893029570579529
232,4,32,0.6967763900756836
233,4,33,0.733599841594696
234,4,34,0.8515217304229736
235,4,35,0.7733646631240845
236,4,36,0.7757341861724854
237,4,37,0.710715651512146
238,4,38,0.714320182800293
239,4,39,0.792351484298706
240,4,40,0.7133780121803284
241,4,41,0.6445081233978271
242,4,42,0.6297503709793091
243,4,43,0.6651084423065186
244,4,44,0.7865580320358276
245,4,45,0.7252019643783569
246,4,46,0.7869179248809814
247,4,47,0.6861175894737244
248,4,48,0.6868410110473633
249,4,49,0.7162520289421082
250,5,0,0.6244472861289978
251,5,1,0.6255375146865845
252,5,2,0.5563479065895081
253,5,3,0.5754432082176208
254,5,4,0.6079710125923157
255,5,5,1.000000238418579
256,5,6,0.5172632336616516
257,5,7,0.6494585275650024
258,5,8,0.4947317838668823
259,5,9,0.5561832189559937
260,5,10,0.6833539605140686
261,5,11,0.5368648171424866
262,5,12,0.6162319183349609
263,5,13,0.5799463987350464
264,5,14,0.5581414699554443
265,5,15,0.4474340677261352
266,5,16,0.5621103644371033
267,5,17,0.2152932286262512
268,5,18,0.5799310207366943
269,5,19,0.4876752495765686
270,5,20,0.5728287100791931
271,5,21,0.584530234336853
272,5,22,0.5958597660064697
273,5,23,0.4858372807502746
274,5,24,0.6114746332168579
275,5,25,0.8068687915802002
276,5,26,0.5743436813354492
277,5,27,0.5091809034347534
278,5,28,0.5700634717941284
279,5,29,0.6174720525741577
280,5,30,0.6064525842666626
281,5,31,0.4921374917030334
282,5,32,0.5474193692207336
283,5,33,0.6735278964042664
284,5,34,0.6683531999588013
285,5,35,0.6027954816818237
286,5,36,0.6932771801948547
287,5,37,0.5878950357437134
288,5,38,0.6885718703269958
289,5,39,0.6733352541923523
290,5,40,0.583348274230957
291,5,41,0.5450630784034729
292,5,42,0.6081632375717163
293,5,43,0.5244722962379456
294,5,44,0.6252267956733704
295,5,45,0.6306301951408386
296,5,46,0.7103809714317322
297,5,47,0.533253014087677
298,5,48,0.5301834344863892
299,5,49,0.5701629519462585
300,6,0,0.6078769564628601
301,6,1,0.7028111815452576
302,6,2,0.7543919682502747
303,6,3,0.7042921185493469
304,6,4,0.5771677494049072
305,6,5,0.5172632336616516
306,6,6,1.0000001192092896
307,6,7,0.652530312538147
308,6,8,0.7884638905525208
309,6,9,0.6179327964782715
310,6,10,0.6552684903144836
311,6,11,0.4515843391418457
312,6,12,0.6279442310333252
313,6,13,0.5906867980957031
314,6,14,0.6716094017028809
315,6,15,0.8705348968505859
316,6,16,0.6453317999839783
317,6,17,0.2937944829463959
318,6,18,0.7103495597839355
319,6,19,0.6234674453735352
320,6,20,0.6109895706176758
321,6,21,0.7048734426498413
322,6,22,0.6696524620056152
323,6,23,0.5487164258956909
324,6,24,0.748690664768219
325,6,25,0.601181149482727
326,6,26,0.7542898058891296
327,6,27,0.7211353182792664
328,6,28,0.7033030390739441
329,6,29,0.611432671546936
330,6,30,0.8294631242752075
331,6,31,0.7237004041671753
332,6,32,0.6734343767166138
333,6,33,0.7720168828964233
334,6,34,0.6010056734085083
335,6,35,0.6581511497497559
336,6,36,0.6088833808898926
337,6,37,0.6725704073905945
338,6,38,0.5396279692649841
339,6,39,0.6266931295394897
340,6,40,0.680796205997467
341,6,41,0.6056763529777527
342,6,42,0.5148824453353882
343,6,43,0.7169052958488464
344,6,44,0.6179059743881226
345,6,45,0.6054813265800476
346,6,46,0.5684078335762024
347,6,47,0.4321350157260895
348,6,48,0.6717162132263184
349,6,49,0.6360593438148499
350,7,0,0.7490972876548767
351,7,1,0.8228369951248169
352,7,2,0.6898555159568787
353,7,3,0.687610387802124
354,7,4,0.7501407861709595
355,7,5,0.6494585275650024
356,7,6,0.652530312538147
357,7,7,0.9999998807907104
358,7,8,0.7052475214004517
359,7,9,0.7501713633537292
360,7,10,0.7914206385612488
361,7,11,0.6879311800003052
362,7,12,0.7441293001174927
363,7,13,0.7725359201431274
364,7,14,0.759502649307251
365,7,15,0.6651561260223389
366,7,16,0.774621844291687
367,7,17,0.457829475402832
368,7,18,0.7079769968986511
369,7,19,0.7346564531326294
370,7,20,0.7377640008926392
371,7,21,0.7855767011642456
372,7,22,0.7491823434829712
373,7,23,0.6389848589897156
374,7,24,0.7761774659156799
375,7,25,0.6564674377441406
376,7,26,0.7227357029914856
377,7,27,0.7267480492591858
378,7,28,0.7977956533432007
379,7,29,0.7305586338043213
380,7,30,0.7398220300674438
381,7,31,0.6613900661468506
382,7,32,0.7300840020179749
383,7,33,0.830582320690155
384,7,34,0.6500455737113953
385,7,35,0.806483268737793
386,7,36,0.7602240443229675
387,7,37,0.7792075872421265
388,7,38,0.5901055335998535
389,7,39,0.8675309419631958
390,7,40,0.7551597356796265
391,7,41,0.7226561903953552
392,7,42,0.6956526041030884
393,7,43,0.7410889863967896
394,7,44,0.7894366383552551
395,7,45,0.7636282444000244
396,7,46,0.7004784345626831
397,7,47,0.5746647119522095
398,7,48,0.7969506978988647
399,7,49,0.7996631860733032
400,8,0,0.6579791903495789
401,8,1,0.7262454032897949
402,8,2,0.6671260595321655
403,8,3,0.6622834205627441
404,8,4,0.6430380344390869
405,8,5,0.4947317838668823
406,8,6,0.7884638905525208
407,8,7,0.7052475214004517
408,8,8,1.0000001192092896
409,8,9,0.7385638952255249
410,8,10,0.6726884841918945
411,8,11,0.5713334083557129
412,8,12,0.6348796486854553
413,8,13,0.6172845959663391
414,8,14,0.6987140774726868
415,8,15,0.888778805732727
416,8,16,0.7245956659317017
417,8,17,0.4309287071228027
418,8,18,0.6805520057678223
419,8,19,0.6127939820289612
420,8,20,0.5585072040557861
421,8,21,0.7677628993988037
422,8,22,0.716343879699707
423,8,23,0.6120210289955139
424,8,24,0.745776355266571
425,8,25,0.6150568127632141
426,8,26,0.7032052278518677
427,8,27,0.7524567246437073
428,8,28,0.6680693626403809
429,8,29,0.72361159324646
430,8,30,0.8226810693740845
431,8,31,0.6585642099380493
432,8,32,0.7259066104888916
433,8,33,0.7409507632255554
434,8,34,0.6482503414154053
435,8,35,0.6639373302459717
436,8,36,0.632527232170105
437,8,37,0.6731510758399963
438,8,38,0.6225947141647339
439,8,39,0.6502919793128967
440,8,40,0.7132704257965088
441,8,41,0.6282041668891907
442,8,42,0.6214460134506226
443,8,43,0.7127323746681213
444,8,44,0.6164633631706238
445,8,45,0.7437998056411743
446,8,46,0.657096266746521
447,8,47,0.543408989906311
448,8,48,0.6763140559196472
449,8,49,0.6791613101959229
450,9,0,0.7223352193832397
451,9,1,0.7221770882606506
452,9,2,0.7532936334609985
453,9,3,0.6244860887527466
454,9,4,0.6908431053161621
455,9,5,0.5561832189559937
456,9,6,0.6179327964782715
457,9,7,0.7501713633537292
458,9,8,0.7385638952255249
459,9,9,1.000000238418579
460,9,10,0.7906121611595154
461,9,11,0.6356594562530518
462,9,12,0.726769208908081
463,9,13,0.7153832316398621
464,9,14,0.8179453015327454
465,9,15,0.6510365605354309
466,9,16,0.793398380279541
467,9,17,0.4875208139419555
468,9,18,0.7043114900588989
469,9,19,0.597323477268219
470,9,20,0.5843093395233154
471,9,21,0.787375271320343
472,9,22,0.7711838483810425
473,9,23,0.6737403273582458
474,9,24,0.7699300646781921
475,9,25,0.6452604532241821
476,9,26,0.6918813586235046
477,9,27,0.740746259689331
478,9,28,0.7387943267822266
479,9,29,0.7564631700515747
480,9,30,0.7305029630661011
481,9,31,0.6638481616973877
482,9,32,0.7673138380050659
483,9,33,0.7429447770118713
484,9,34,0.6492998600006104
485,9,35,0.7249054908752441
486,9,36,0.7228720188140869
487,9,37,0.7277371287345886
488,9,38,0.6251382827758789
489,9,39,0.7258826494216919
490,9,40,0.7844593524932861
491,9,41,0.7205554246902466
492,9,42,0.6850562691688538
493,9,43,0.695172905921936
494,9,44,0.7071260213851929
495,9,45,0.749352216720581
496,9,46,0.6895346641540527
497,9,47,0.5241470336914062
498,9,48,0.7260025143623352
499,9,49,0.7204340696334839
500,10,0,0.784769594669342
501,10,1,0.8046852350234985
502,10,2,0.7856279611587524
503,10,3,0.7484524846076965
504,10,4,0.832298994064331
505,10,5,0.6833539605140686
506,10,6,0.6552684903144836
507,10,7,0.7914206385612488
508,10,8,0.6726884841918945
509,10,9,0.7906121611595154
510,10,10,0.9999997615814208
511,10,11,0.6836627125740051
512,10,12,0.7685586214065552
513,10,13,0.7835777401924133
514,10,14,0.8210856318473816
515,10,15,0.6305884122848511
516,10,16,0.8148020505905151
517,10,17,0.3742312490940094
518,10,18,0.8096535801887512
519,10,19,0.6864105463027954
520,10,20,0.6974716782569885
521,10,21,0.7707536816596985
522,10,22,0.8255775570869446
523,10,23,0.6067286133766174
524,10,24,0.8511719703674316
525,10,25,0.7356590032577515
526,10,26,0.7597330808639526
527,10,27,0.7972274422645569
528,10,28,0.7770003080368042
529,10,29,0.7538920044898987
530,10,30,0.784152090549469
531,10,31,0.6708032488822937
532,10,32,0.772932231426239
533,10,33,0.8365474343299866
534,10,34,0.7680970430374146
535,10,35,0.8096147775650024
536,10,36,0.8607398271560669
537,10,37,0.7910943031311035
538,10,38,0.7534774541854858
539,10,39,0.8314507603645325
540,10,40,0.822651743888855
541,10,41,0.7271323204040527
542,10,42,0.6758734583854675
543,10,43,0.7594850063323975
544,10,44,0.8375388383865356
545,10,45,0.7687786817550659
546,10,46,0.8202909827232361
547,10,47,0.5578339695930481
548,10,48,0.741603672504425
549,10,49,0.7973036170005798
550,11,0,0.661041259765625
551,11,1,0.6052936315536499
552,11,2,0.4808975458145141
553,11,3,0.4747366309165954
554,11,4,0.6306241750717163
555,11,5,0.5368648171424866
556,11,6,0.4515843391418457
557,11,7,0.6879311800003052
558,11,8,0.5713334083557129
559,11,9,0.6356594562530518
560,11,10,0.6836627125740051
561,11,11,1.0000003576278689
562,11,12,0.6073119044303894
563,11,13,0.6328964829444885
564,11,14,0.6592419743537903
565,11,15,0.4773402810096741
566,11,16,0.6319988369941711
567,11,17,0.4805498123168945
568,11,18,0.5638437271118164
569,11,19,0.6785539388656616
570,11,20,0.6816439628601074
571,11,21,0.7020199298858643
572,11,22,0.600436806678772
573,11,23,0.5522611141204834
574,11,24,0.5905817747116089
575,11,25,0.5178381204605103
576,11,26,0.510555624961853
577,11,27,0.6281962990760803
578,11,28,0.6368324160575867
579,11,29,0.6904894113540649
580,11,30,0.5819761753082275
581,11,31,0.5017786622047424
582,11,32,0.5587636828422546
583,11,33,0.7015073299407959
584,11,34,0.5601047277450562
585,11,35,0.6566176414489746
586,11,36,0.6272764205932617
587,11,37,0.6615984439849854
588,11,38,0.5429738163948059
589,11,39,0.6987529397010803
590,11,40,0.6281790733337402
591,11,41,0.6020910739898682
592,11,42,0.6575582027435303
593,11,43,0.5263322591781616
594,11,44,0.767848014831543
595,11,45,0.7554609775543213
596,11,46,0.6263161301612854
597,11,47,0.5341423749923706
598,11,48,0.6238426566123962
599,11,49,0.6740328073501587
600,12,0,0.7611554265022278
601,12,1,0.8015841841697693
602,12,2,0.6906731128692627
603,12,3,0.6425060033798218
604,12,4,0.6744300127029419
605,12,5,0.6162319183349609
606,12,6,0.6279442310333252
607,12,7,0.7441293001174927
608,12,8,0.6348796486854553
609,12,9,0.726769208908081
610,12,10,0.7685586214065552
611,12,11,0.6073119044303894
612,12,12,0.9999997615814208
613,12,13,0.700913667678833
614,12,14,0.7044539451599121
615,12,15,0.5833346247673035
616,12,16,0.7239664793014526
617,12,17,0.4640051424503326
618,12,18,0.6584821343421936
619,12,19,0.6588510870933533
620,12,20,0.6711605191230774
621,12,21,0.6874107122421265
622,12,22,0.7059191465377808
623,12,23,0.5807018876075745
624,12,24,0.7549260854721069
625,12,25,0.5885667204856873
626,12,26,0.7091792821884155
627,12,27,0.6986928582191467
628,12,28,0.6990020275115967
629,12,29,0.6330945491790771
630,12,30,0.7132483720779419
631,12,31,0.6163051128387451
632,12,32,0.6294811964035034
633,12,33,0.7884385585784912
634,12,34,0.6783164739608765
635,12,35,0.7104318141937256
636,12,36,0.7987008094787598
637,12,37,0.789730966091156
638,12,38,0.6873488426208496
639,12,39,0.7371077537536621
640,12,40,0.737951934337616
641,12,41,0.6036044359207153
642,12,42,0.6006350517272949
643,12,43,0.6514091491699219
644,12,44,0.7844893336296082
645,12,45,0.6227620840072632
646,12,46,0.7194528579711914
647,12,47,0.4262885451316833
648,12,48,0.7281031608581543
649,12,49,0.7277164459228516
650,13,0,0.7171460390090942
651,13,1,0.8266419172286987
652,13,2,0.6659066081047058
653,13,3,0.6525583267211914
654,13,4,0.727368175983429
655,13,5,0.5799463987350464
656,13,6,0.5906867980957031
657,13,7,0.7725359201431274
658,13,8,0.6172845959663391
659,13,9,0.7153832316398621
660,13,10,0.7835777401924133
661,13,11,0.6328964829444885
662,13,12,0.700913667678833
663,13,13,1.0000001192092896
664,13,14,0.7273790240287781
665,13,15,0.561741828918457
666,13,16,0.8510767221450806
667,13,17,0.3501551747322082
668,13,18,0.7096209526062012
669,13,19,0.6650714874267578
670,13,20,0.651227593421936
671,13,21,0.737402081489563
672,13,22,0.6737716794013977
673,13,23,0.5847710371017456
674,13,24,0.7716905474662781
675,13,25,0.6657199859619141
676,13,26,0.6510137319564819
677,13,27,0.6996702551841736
678,13,28,0.7635507583618164
679,13,29,0.7860333323478699
680,13,30,0.7502296566963196
681,13,31,0.672160267829895
682,13,32,0.6883320808410645
683,13,33,0.7506586313247681
684,13,34,0.65960693359375
685,13,35,0.7168270945549011
686,13,36,0.7518054842948914
687,13,37,0.854238748550415
688,13,38,0.5952216982841492
689,13,39,0.7520003914833069
690,13,40,0.678240180015564
691,13,41,0.6511408090591431
692,13,42,0.5699841380119324
693,13,43,0.6530880928039551
694,13,44,0.7515755295753479
695,13,45,0.792142391204834
696,13,46,0.676039457321167
697,13,47,0.5846399068832397
698,13,48,0.7936265468597412
699,13,49,0.8926140069961548
700,14,0,0.6524953246116638
701,14,1,0.7140858173370361
702,14,2,0.7564636468887329
703,14,3,0.7499880194664001
704,14,4,0.729739248752594
705,14,5,0.5581414699554443
706,14,6,0.6716094017028809
707,14,7,0.759502649307251
708,14,8,0.6987140774726868
709,14,9,0.8179453015327454
710,14,10,0.8210856318473816
711,14,11,0.6592419743537903
712,14,12,0.7044539451599121
713,14,13,0.7273790240287781
714,14,14,1.0000001192092896
715,14,15,0.6782760620117188
716,14,16,0.8247238993644714
717,14,17,0.4816823303699493
718,14,18,0.7389582395553589
719,14,19,0.5624403357505798
720,14,20,0.5828899145126343
721,14,21,0.8037236928939819
722,14,22,0.7784121036529541
723,14,23,0.6621154546737671
724,14,24,0.8318592309951782
725,14,25,0.6099069714546204
726,14,26,0.7358295321464539
727,14,27,0.7356589436531067
728,14,28,0.7369794845581055
729,14,29,0.7489384412765503
730,14,30,0.7762042880058289
731,14,31,0.6619960069656372
732,14,32,0.7696113586425781
733,14,33,0.8042232990264893
734,14,34,0.6391484141349792
735,14,35,0.7853715419769287
736,14,36,0.721470832824707
737,14,37,0.743504524230957
738,14,38,0.683119535446167
739,14,39,0.754785418510437
740,14,40,0.870979905128479
741,14,41,0.8824350833892822
742,14,42,0.7805415987968445
743,14,43,0.7551273107528687
744,14,44,0.7463837265968323
745,14,45,0.7709848880767822
746,14,46,0.7730842232704163
747,14,47,0.5171138644218445
748,14,48,0.7474547028541565
749,14,49,0.7604150772094727
750,15,0,0.6180611848831177
751,15,1,0.6465793251991272
752,15,2,0.7187445759773254
753,15,3,0.6463265419006348
754,15,4,0.589167594909668
755,15,5,0.4474340677261352
756,15,6,0.8705348968505859
757,15,7,0.6651561260223389
758,15,8,0.888778805732727
759,15,9,0.6510365605354309
760,15,10,0.6305884122848511
761,15,11,0.4773402810096741
762,15,12,0.5833346247673035
763,15,13,0.561741828918457
764,15,14,0.6782760620117188
765,15,15,1.000000238418579
766,15,16,0.6582245826721191
767,15,17,0.4065769016742706
768,15,18,0.6899795532226562
769,15,19,0.5839489698410034
770,15,20,0.5602144002914429
771,15,21,0.7309820652008057
772,15,22,0.6750485897064209
773,15,23,0.5672883987426758
774,15,24,0.7486129999160767
775,15,25,0.5700088739395142
776,15,26,0.6860538721084595
777,15,27,0.7543205618858337
778,15,28,0.6950802803039551
779,15,29,0.5998411774635315
780,15,30,0.7999366521835327
781,15,31,0.7009255290031433
782,15,32,0.6694706082344055
783,15,33,0.73508220911026
784,15,34,0.5691240429878235
785,15,35,0.6398581862449646
786,15,36,0.575567364692688
787,15,37,0.6350859999656677
788,15,38,0.5506824851036072
789,15,39,0.5907797813415527
790,15,40,0.6863898038864136
791,15,41,0.6748006939888
792,15,42,0.5893340110778809
793,15,43,0.6971389055252075
794,15,44,0.5881105065345764
795,15,45,0.6390857100486755
796,15,46,0.5793800354003906
797,15,47,0.4237494468688965
798,15,48,0.6697050333023071
799,15,49,0.6005932092666626
800,16,0,0.7345772385597229
801,16,1,0.7766854763031006
802,16,2,0.7642286419868469
803,16,3,0.6790275573730469
804,16,4,0.7515089511871338
805,16,5,0.5621103644371033
806,16,6,0.6453317999839783
807,16,7,0.774621844291687
808,16,8,0.7245956659317017
809,16,9,0.793398380279541
810,16,10,0.8148020505905151
811,16,11,0.6319988369941711
812,16,12,0.7239664793014526
813,16,13,0.8510767221450806
814,16,14,0.8247238993644714
815,16,15,0.6582245826721191
816,16,16,1.0
817,16,17,0.4178908169269562
818,16,18,0.805608868598938
819,16,19,0.6250828504562378
820,16,20,0.6300206184387207
821,16,21,0.7924965023994446
822,16,22,0.8308079838752747
823,16,23,0.7000083327293396
824,16,24,0.8942354917526245
825,16,25,0.6660146713256836
826,16,26,0.6958997249603271
827,16,27,0.8161300420761108
828,16,28,0.7471150755882263
829,16,29,0.8151893615722656
830,16,30,0.7945022583007812
831,16,31,0.7200404405593872
832,16,32,0.7916528582572937
833,16,33,0.7732434272766113
834,16,34,0.7044847011566162
835,16,35,0.7498692870140076
836,16,36,0.7820559740066528
837,16,37,0.8359048366546631
838,16,38,0.689973771572113
839,16,39,0.7498588562011719
840,16,40,0.7916104197502136
841,16,41,0.746917724609375
842,16,42,0.6630311012268066
843,16,43,0.7051931023597717
844,16,44,0.726134181022644
845,16,45,0.8203300833702087
846,16,46,0.7804278135299683
847,16,47,0.5891900062561035
848,16,48,0.8104899525642395
849,16,49,0.8154042959213257
850,17,0,0.3760159611701965
851,17,1,0.3586620092391968
852,17,2,0.3142497539520263
853,17,3,0.3127842247486114
854,17,4,0.4620605707168579
855,17,5,0.2152932286262512
856,17,6,0.2937944829463959
857,17,7,0.457829475402832
858,17,8,0.4309287071228027
859,17,9,0.4875208139419555
860,17,10,0.3742312490940094
861,17,11,0.4805498123168945
862,17,12,0.4640051424503326
863,17,13,0.3501551747322082
864,17,14,0.4816823303699493
865,17,15,0.4065769016742706
866,17,16,0.4178908169269562
867,17,17,1.000000238418579
868,17,18,0.3046705424785614
869,17,19,0.3556966781616211
870,17,20,0.3607561290264129
871,17,21,0.4691745638847351
872,17,22,0.4268616139888763
873,17,23,0.4605314433574676
874,17,24,0.3640762269496918
875,17,25,0.1596864759922027
876,17,26,0.3909943699836731
877,17,27,0.4507603645324707
878,17,28,0.3862582743167877
879,17,29,0.356097936630249
880,17,30,0.3422766029834747
881,17,31,0.2428920418024063
882,17,32,0.3489167392253876
883,17,33,0.3661885857582092
884,17,34,0.3372166752815246
885,17,35,0.4288884401321411
886,17,36,0.3577792942523956
887,17,37,0.3643454611301422
888,17,38,0.3648024499416351
889,17,39,0.3428875505924225
890,17,40,0.4626853764057159
891,17,41,0.4196482002735138
892,17,42,0.5626040697097778
893,17,43,0.3800857067108154
894,17,44,0.4612074494361877
895,17,45,0.3573789894580841
896,17,46,0.3932600617408752
897,17,47,0.2983351945877075
898,17,48,0.4252202212810516
899,17,49,0.3550272583961487
900,18,0,0.69785076379776
901,18,1,0.7189322710037231
902,18,2,0.8193915486335754
903,18,3,0.6662890911102295
904,18,4,0.7468090057373047
905,18,5,0.5799310207366943
906,18,6,0.7103495597839355
907,18,7,0.7079769968986511
908,18,8,0.6805520057678223
909,18,9,0.7043114900588989
910,18,10,0.8096535801887512
911,18,11,0.5638437271118164
912,18,12,0.6584821343421936
913,18,13,0.7096209526062012
914,18,14,0.7389582395553589
915,18,15,0.6899795532226562
916,18,16,0.805608868598938
917,18,17,0.3046705424785614
918,18,18,1.000000238418579
919,18,19,0.6412111520767212
920,18,20,0.7289093136787415
921,18,21,0.7683008909225464
922,18,22,0.835124135017395
923,18,23,0.6141772270202637
924,18,24,0.869661271572113
925,18,25,0.7227209806442261
926,18,26,0.69143146276474
927,18,27,0.8044110536575317
928,18,28,0.7161909937858582
929,18,29,0.7309548258781433
930,18,30,0.7657750248908997
931,18,31,0.7448670268058777
932,18,32,0.7880082726478577
933,18,33,0.7589267492294312
934,18,34,0.7494466304779053
935,18,35,0.7335625290870667
936,18,36,0.8000767230987549
937,18,37,0.7952862977981567
938,18,38,0.7286368608474731
939,18,39,0.7419954538345337
940,18,40,0.7840471863746643
941,18,41,0.6924827098846436
942,18,42,0.5735605955123901
943,18,43,0.7313060164451599
944,18,44,0.7379756569862366
945,18,45,0.7061172723770142
946,18,46,0.7599557042121887
947,18,47,0.5700929164886475
948,18,48,0.6827863454818726
949,18,49,0.7062631845474243
950,19,0,0.7046846151351929
951,19,1,0.7248702049255371
952,19,2,0.6211026310920715
953,19,3,0.4954426884651184
954,19,4,0.640324592590332
955,19,5,0.4876752495765686
956,19,6,0.6234674453735352
957,19,7,0.7346564531326294
958,19,8,0.6127939820289612
959,19,9,0.597323477268219
960,19,10,0.6864105463027954
961,19,11,0.6785539388656616
962,19,12,0.6588510870933533
963,19,13,0.6650714874267578
964,19,14,0.5624403357505798
965,19,15,0.5839489698410034
966,19,16,0.6250828504562378
967,19,17,0.3556966781616211
968,19,18,0.6412111520767212
969,19,19,1.0
970,19,20,0.7957557439804077
971,19,21,0.6687934398651123
972,19,22,0.6398676633834839
973,19,23,0.4680753350257873
974,19,24,0.6236416101455688
975,19,25,0.5541529655456543
976,19,26,0.6076315641403198
977,19,27,0.7582210898399353
978,19,28,0.7544573545455933
979,19,29,0.5858246684074402
980,19,30,0.6424515843391418
981,19,31,0.6042903661727905
982,19,32,0.6364285349845886
983,19,33,0.7034361362457275
984,19,34,0.5707301497459412
985,19,35,0.752341091632843
986,19,36,0.6535782814025879
987,19,37,0.7408027052879333
988,19,38,0.4848499298095703
989,19,39,0.7763906717300415
990,19,40,0.621358335018158
991,19,41,0.5015549659729004
992,19,42,0.455989807844162
993,19,43,0.5941622257232666
994,19,44,0.7649400234222412
995,19,45,0.6226105690002441
996,19,46,0.5427907705307007
997,19,47,0.4435621798038482
998,19,48,0.7176464796066284
999,19,49,0.7434166669845581
1000,20,0,0.6897068023681641
1001,20,1,0.7131841778755188
1002,20,2,0.6352492570877075
1003,20,3,0.5222371816635132
1004,20,4,0.6445556282997131
1005,20,5,0.5728287100791931
1006,20,6,0.6109895706176758
1007,20,7,0.7377640008926392
1008,20,8,0.5585072040557861
1009,20,9,0.5843093395233154
1010,20,10,0.6974716782569885
1011,20,11,0.6816439628601074
1012,20,12,0.6711605191230774
1013,20,13,0.651227593421936
1014,20,14,0.5828899145126343
1015,20,15,0.5602144002914429
1016,20,16,0.6300206184387207
1017,20,17,0.3607561290264129
1018,20,18,0.7289093136787415
1019,20,19,0.7957557439804077
1020,20,20,0.9999997615814208
1021,20,21,0.6456570625305176
1022,20,22,0.6658451557159424
1023,20,23,0.5249457359313965
1024,20,24,0.6145811676979065
1025,20,25,0.5885622501373291
1026,20,26,0.6111681461334229
1027,20,27,0.7023427486419678
1028,20,28,0.7552551627159119
1029,20,29,0.5725505352020264
1030,20,30,0.6270020604133606
1031,20,31,0.5498515963554382
1032,20,32,0.6503784656524658
1033,20,33,0.7488840222358704
1034,20,34,0.5854470729827881
1035,20,35,0.7616797685623169
1036,20,36,0.6794953942298889
1037,20,37,0.741829514503479
1038,20,38,0.4951773285865783
1039,20,39,0.7947146892547607
1040,20,40,0.6178166270256042
1041,20,41,0.5270687937736511
1042,20,42,0.5186196565628052
1043,20,43,0.6197434067726135
1044,20,44,0.7921733856201172
1045,20,45,0.5895439386367798
1046,20,46,0.5591377019882202
1047,20,47,0.4654121398925781
1048,20,48,0.6704413294792175
1049,20,49,0.730116605758667
1050,21,0,0.7289134860038757
1051,21,1,0.7391689419746399
1052,21,2,0.7115070819854736
1053,21,3,0.6595363020896912
1054,21,4,0.6972885131835938
1055,21,5,0.584530234336853
1056,21,6,0.7048734426498413
1057,21,7,0.7855767011642456
1058,21,8,0.7677628993988037
1059,21,9,0.787375271320343
1060,21,10,0.7707536816596985
1061,21,11,0.7020199298858643
1062,21,12,0.6874107122421265
1063,21,13,0.737402081489563
1064,21,14,0.8037236928939819
1065,21,15,0.7309820652008057
1066,21,16,0.7924965023994446
1067,21,17,0.4691745638847351
1068,21,18,0.7683008909225464
1069,21,19,0.6687934398651123
1070,21,20,0.6456570625305176
1071,21,21,0.9999998211860656
1072,21,22,0.7938381433486938
1073,21,23,0.6759542226791382
1074,21,24,0.8233680725097656
1075,21,25,0.7106977105140686
1076,21,26,0.657310426235199
1077,21,27,0.8112080097198486
1078,21,28,0.7562468647956848
1079,21,29,0.7658166289329529
1080,21,30,0.7649708986282349
1081,21,31,0.7500941157341003
1082,21,32,0.7512080669403076
1083,21,33,0.823803186416626
1084,21,34,0.6882398724555969
1085,21,35,0.7312333583831787
1086,21,36,0.7144712209701538
1087,21,37,0.7699779272079468
1088,21,38,0.6569910049438477
1089,21,39,0.7758451700210571
1090,21,40,0.8432083129882812
1091,21,41,0.7556486129760742
1092,21,42,0.6882050037384033
1093,21,43,0.7019342184066772
1094,21,44,0.718977689743042
1095,21,45,0.7761150598526001
1096,21,46,0.6968820095062256
1097,21,47,0.5394402146339417
1098,21,48,0.7549829483032227
1099,21,49,0.7777834534645081
1100,22,0,0.7575889825820923
1101,22,1,0.7092676162719727
1102,22,2,0.7443686127662659
1103,22,3,0.6808068156242371
1104,22,4,0.7260241508483887
1105,22,5,0.5958597660064697
1106,22,6,0.6696524620056152
1107,22,7,0.7491823434829712
1108,22,8,0.716343879699707
1109,22,9,0.7711838483810425
1110,22,10,0.8255775570869446
1111,22,11,0.600436806678772
1112,22,12,0.7059191465377808
1113,22,13,0.6737716794013977
1114,22,14,0.7784121036529541
1115,22,15,0.6750485897064209
1116,22,16,0.8308079838752747
1117,22,17,0.4268616139888763
1118,22,18,0.835124135017395
1119,22,19,0.6398676633834839
1120,22,20,0.6658451557159424
1121,22,21,0.7938381433486938
1122,22,22,1.0000001192092896
1123,22,23,0.6424417495727539
1124,22,24,0.8622517585754395
1125,22,25,0.664423942565918
1126,22,26,0.7150633335113525
1127,22,27,0.8510378003120422
1128,22,28,0.6983411312103271
1129,22,29,0.6873739957809448
1130,22,30,0.7515121698379517
1131,22,31,0.688822865486145
1132,22,32,0.7760517001152039
1133,22,33,0.7567242980003357
1134,22,34,0.6872693300247192
1135,22,35,0.7347292304039001
1136,22,36,0.7774059772491455
1137,22,37,0.7436336874961853
1138,22,38,0.7211372256278992
1139,22,39,0.7542526721954346
1140,22,40,0.8133953213691711
1141,22,41,0.6972774863243103
1142,22,42,0.6669927835464478
1143,22,43,0.7389339804649353
1144,22,44,0.6879280805587769
1145,22,45,0.7304741144180298
1146,22,46,0.7739755511283875
1147,22,47,0.5304379463195801
1148,22,48,0.6905750036239624
1149,22,49,0.6795902252197266
1150,23,0,0.6058970093727112
1151,23,1,0.5872390270233154
1152,23,2,0.5383032560348511
1153,23,3,0.5252490639686584
1154,23,4,0.5685616731643677
1155,23,5,0.4858372807502746
1156,23,6,0.5487164258956909
1157,23,7,0.6389848589897156
1158,23,8,0.6120210289955139
1159,23,9,0.6737403273582458
1160,23,10,0.6067286133766174
1161,23,11,0.5522611141204834
1162,23,12,0.5807018876075745
1163,23,13,0.5847710371017456
1164,23,14,0.6621154546737671
1165,23,15,0.5672883987426758
1166,23,16,0.7000083327293396
1167,23,17,0.4605314433574676
1168,23,18,0.6141772270202637
1169,23,19,0.4680753350257873
1170,23,20,0.5249457359313965
1171,23,21,0.6759542226791382
1172,23,22,0.6424417495727539
1173,23,23,1.0000001192092896
1174,23,24,0.6646814942359924
1175,23,25,0.5291569232940674
1176,23,26,0.5379941463470459
1177,23,27,0.655525803565979
1178,23,28,0.5267339944839478
1179,23,29,0.6501601934432983
1180,23,30,0.6042311787605286
1181,23,31,0.566439151763916
1182,23,32,0.6757317781448364
1183,23,33,0.630150556564331
1184,23,34,0.55149245262146
1185,23,35,0.546527087688446
1186,23,36,0.5877195000648499
1187,23,37,0.601895809173584
1188,23,38,0.5747142434120178
1189,23,39,0.5576901435852051
1190,23,40,0.6251425743103027
1191,23,41,0.6398250460624695
1192,23,42,0.6455885767936707
1193,23,43,0.5947955846786499
1194,23,44,0.5291333198547363
1195,23,45,0.6394875049591064
1196,23,46,0.6441646814346313
1197,23,47,0.3893439173698425
1198,23,48,0.6213216781616211
1199,23,49,0.593826174736023
1200,24,0,0.7432993054389954
1201,24,1,0.7861533164978027
1202,24,2,0.8119017481803894
1203,24,3,0.7660059332847595
1204,24,4,0.7670401334762573
1205,24,5,0.6114746332168579
1206,24,6,0.748690664768219
1207,24,7,0.7761774659156799
1208,24,8,0.745776355266571
1209,24,9,0.7699300646781921
1210,24,10,0.8511719703674316
1211,24,11,0.5905817747116089
1212,24,12,0.7549260854721069
1213,24,13,0.7716905474662781
1214,24,14,0.8318592309951782
1215,24,15,0.7486129999160767
1216,24,16,0.8942354917526245
1217,24,17,0.3640762269496918
1218,24,18,0.869661271572113
1219,24,19,0.6236416101455688
1220,24,20,0.6145811676979065
1221,24,21,0.8233680725097656
1222,24,22,0.8622517585754395
1223,24,23,0.6646814942359924
1224,24,24,1.0
1225,24,25,0.7225117087364197
1226,24,26,0.7517262101173401
1227,24,27,0.8444260954856873
1228,24,28,0.7326626181602478
1229,24,29,0.7656450271606445
1230,24,30,0.8331636190414429
1231,24,31,0.8231054544448853
1232,24,32,0.795383870601654
1233,24,33,0.845787763595581
1234,24,34,0.7507699131965637
1235,24,35,0.73708575963974
1236,24,36,0.8304667472839355
1237,24,37,0.8306457996368408
1238,24,38,0.7713000774383545
1239,24,39,0.7471845149993896
1240,24,40,0.8547804951667786
1241,24,41,0.8034691214561462
1242,24,42,0.6623967885971069
1243,24,43,0.7469930648803711
1244,24,44,0.7376631498336792
1245,24,45,0.7738743424415588
1246,24,46,0.8250362277030945
1247,24,47,0.5425649881362915
1248,24,48,0.7869282364845276
1249,24,49,0.7571948766708374
1250,25,0,0.6594271063804626
1251,25,1,0.6860460042953491
1252,25,2,0.6808816194534302
1253,25,3,0.6244469881057739
1254,25,4,0.5971851348876953
1255,25,5,0.8068687915802002
1256,25,6,0.601181149482727
1257,25,7,0.6564674377441406
1258,25,8,0.6150568127632141
1259,25,9,0.6452604532241821
1260,25,10,0.7356590032577515
1261,25,11,0.5178381204605103
1262,25,12,0.5885667204856873
1263,25,13,0.6657199859619141
1264,25,14,0.6099069714546204
1265,25,15,0.5700088739395142
1266,25,16,0.6660146713256836
1267,25,17,0.1596864759922027
1268,25,18,0.7227209806442261
1269,25,19,0.5541529655456543
1270,25,20,0.5885622501373291
1271,25,21,0.7106977105140686
1272,25,22,0.664423942565918
1273,25,23,0.5291569232940674
1274,25,24,0.7225117087364197
1275,25,25,0.9999999403953552
1276,25,26,0.6290687918663025
1277,25,27,0.6499078869819641
1278,25,28,0.6578854918479919
1279,25,29,0.693641722202301
1280,25,30,0.7181915044784546
1281,25,31,0.6557302474975586
1282,25,32,0.6887928247451782
1283,25,33,0.7197420597076416
1284,25,34,0.7041435241699219
1285,25,35,0.6357402205467224
1286,25,36,0.7641915678977966
1287,25,37,0.6810465455055237
1288,25,38,0.7332237362861633
1289,25,39,0.7025089263916016
1290,25,40,0.6759673953056335
1291,25,41,0.5980404019355774
1292,25,42,0.5600215196609497
1293,25,43,0.6248209476470947
1294,25,44,0.6159826517105103
1295,25,45,0.6937777996063232
1296,25,46,0.7198668718338013
1297,25,47,0.5183022022247314
1298,25,48,0.6022430062294006
1299,25,49,0.6542364358901978
1300,26,0,0.6780253648757935
1301,26,1,0.8320156335830688
1302,26,2,0.7784978151321411
1303,26,3,0.877576470375061
1304,26,4,0.6539833545684814
1305,26,5,0.5743436813354492
1306,26,6,0.7542898058891296
1307,26,7,0.7227357029914856
1308,26,8,0.7032052278518677
1309,26,9,0.6918813586235046
1310,26,10,0.7597330808639526
1311,26,11,0.510555624961853
1312,26,12,0.7091792821884155
1313,26,13,0.6510137319564819
1314,26,14,0.7358295321464539
1315,26,15,0.6860538721084595
1316,26,16,0.6958997249603271
1317,26,17,0.3909943699836731
1318,26,18,0.69143146276474
1319,26,19,0.6076315641403198
1320,26,20,0.6111681461334229
1321,26,21,0.657310426235199
1322,26,22,0.7150633335113525
1323,26,23,0.5379941463470459
1324,26,24,0.7517262101173401
1325,26,25,0.6290687918663025
1326,26,26,0.9999996423721312
1327,26,27,0.6666877865791321
1328,26,28,0.7271358370780945
1329,26,29,0.6545844078063965
1330,26,30,0.8319048881530762
1331,26,31,0.660484254360199
1332,26,32,0.692195475101471
1333,26,33,0.7660216093063354
1334,26,34,0.6470306515693665
1335,26,35,0.7222602367401123
1336,26,36,0.6819111108779907
1337,26,37,0.6789546012878418
1338,26,38,0.6301815509796143
1339,26,39,0.674498438835144
1340,26,40,0.7005549669265747
1341,26,41,0.640025794506073
1342,26,42,0.6268236637115479
1343,26,43,0.8377330303192139
1344,26,44,0.6908861398696899
1345,26,45,0.66673344373703
1346,26,46,0.6497795581817627
1347,26,47,0.5239320993423462
1348,26,48,0.6625113487243652
1349,26,49,0.6501827836036682
1350,27,0,0.7534206509590149
1351,27,1,0.681983470916748
1352,27,2,0.7393675446510315
1353,27,3,0.6024132370948792
1354,27,4,0.707680344581604
1355,27,5,0.5091809034347534
1356,27,6,0.7211353182792664
1357,27,7,0.7267480492591858
1358,27,8,0.7524567246437073
1359,27,9,0.740746259689331
1360,27,10,0.7972274422645569
1361,27,11,0.6281962990760803
1362,27,12,0.6986928582191467
1363,27,13,0.6996702551841736
1364,27,14,0.7356589436531067
1365,27,15,0.7543205618858337
1366,27,16,0.8161300420761108
1367,27,17,0.4507603645324707
1368,27,18,0.8044110536575317
1369,27,19,0.7582210898399353
1370,27,20,0.7023427486419678
1371,27,21,0.8112080097198486
1372,27,22,0.8510378003120422
1373,27,23,0.655525803565979
1374,27,24,0.8444260954856873
1375,27,25,0.6499078869819641
1376,27,26,0.6666877865791321
1377,27,27,1.0
1378,27,28,0.7394364476203918
1379,27,29,0.6738533973693848
1380,27,30,0.7455401420593262
1381,27,31,0.7173274755477905
1382,27,32,0.8127442002296448
1383,27,33,0.756488561630249
1384,27,34,0.6782322525978088
1385,27,35,0.7395198345184326
1386,27,36,0.7442032098770142
1387,27,37,0.7399434447288513
1388,27,38,0.7023961544036865
1389,27,39,0.7106021642684937
1390,27,40,0.7874545454978943
1391,27,41,0.6756092309951782
1392,27,42,0.6073247790336609
1393,27,43,0.6861809492111206
1394,27,44,0.7110074758529663
1395,27,45,0.7202799320220947
1396,27,46,0.725607693195343
1397,27,47,0.4564441442489624
1398,27,48,0.7250641584396362
1399,27,49,0.7027137875556946
1400,28,0,0.7021785974502563
1401,28,1,0.7629669904708862
1402,28,2,0.779564619064331
1403,28,3,0.6362392902374268
1404,28,4,0.6826574802398682
1405,28,5,0.5700634717941284
1406,28,6,0.7033030390739441
1407,28,7,0.7977956533432007
1408,28,8,0.6680693626403809
1409,28,9,0.7387943267822266
1410,28,10,0.7770003080368042
1411,28,11,0.6368324160575867
1412,28,12,0.6990020275115967
1413,28,13,0.7635507583618164
1414,28,14,0.7369794845581055
1415,28,15,0.6950802803039551
1416,28,16,0.7471150755882263
1417,28,17,0.3862582743167877
1418,28,18,0.7161909937858582
1419,28,19,0.7544573545455933
1420,28,20,0.7552551627159119
1421,28,21,0.7562468647956848
1422,28,22,0.6983411312103271
1423,28,23,0.5267339944839478
1424,28,24,0.7326626181602478
1425,28,25,0.6578854918479919
1426,28,26,0.7271358370780945
1427,28,27,0.7394364476203918
1428,28,28,0.9999998211860656
1429,28,29,0.6665968894958496
1430,28,30,0.7355861663818359
1431,28,31,0.6697324514389038
1432,28,32,0.7209262847900391
1433,28,33,0.8232975602149963
1434,28,34,0.6119111776351929
1435,28,35,0.8680196404457092
1436,28,36,0.7203511595726013
1437,28,37,0.8090553283691406
1438,28,38,0.5000234246253967
1439,28,39,0.8145763278007507
1440,28,40,0.7257762551307678
1441,28,41,0.6546967029571533
1442,28,42,0.5798234939575195
1443,28,43,0.7261841893196106
1444,28,44,0.8333919048309326
1445,28,45,0.6800828576087952
1446,28,46,0.5857442021369934
1447,28,47,0.4693765640258789
1448,28,48,0.7981395721435547
1449,28,49,0.786952018737793
1450,29,0,0.6702937483787537
1451,29,1,0.7632735371589661
1452,29,2,0.6624224781990051
1453,29,3,0.6327128410339355
1454,29,4,0.7552365660667419
1455,29,5,0.6174720525741577
1456,29,6,0.611432671546936
1457,29,7,0.7305586338043213
1458,29,8,0.72361159324646
1459,29,9,0.7564631700515747
1460,29,10,0.7538920044898987
1461,29,11,0.6904894113540649
1462,29,12,0.6330945491790771
1463,29,13,0.7860333323478699
1464,29,14,0.7489384412765503
1465,29,15,0.5998411774635315
1466,29,16,0.8151893615722656
1467,29,17,0.356097936630249
1468,29,18,0.7309548258781433
1469,29,19,0.5858246684074402
1470,29,20,0.5725505352020264
1471,29,21,0.7658166289329529
1472,29,22,0.6873739957809448
1473,29,23,0.6501601934432983
1474,29,24,0.7656450271606445
1475,29,25,0.693641722202301
1476,29,26,0.6545844078063965
1477,29,27,0.6738533973693848
1478,29,28,0.6665968894958496
1479,29,29,1.0000001192092896
1480,29,30,0.7769718170166016
1481,29,31,0.6429852843284607
1482,29,32,0.7153322696685791
1483,29,33,0.7383944988250732
1484,29,34,0.7850500345230103
1485,29,35,0.7135096788406372
1486,29,36,0.7331495881080627
1487,29,37,0.765211820602417
1488,29,38,0.6938923597335815
1489,29,39,0.73865807056427
1490,29,40,0.6856991052627563
1491,29,41,0.6799948811531067
1492,29,42,0.6185311675071716
1493,29,43,0.6275227665901184
1494,29,44,0.7087517976760864
1495,29,45,0.850011944770813
1496,29,46,0.7295277714729309
1497,29,47,0.6771721243858337
1498,29,48,0.718614399433136
1499,29,49,0.7792436480522156
1500,30,0,0.7091555595397949
1501,30,1,0.8354798555374146
1502,30,2,0.8048197031021118
1503,30,3,0.775234580039978
1504,30,4,0.6776657104492188
1505,30,5,0.6064525842666626
1506,30,6,0.8294631242752075
1507,30,7,0.7398220300674438
1508,30,8,0.8226810693740845
1509,30,9,0.7305029630661011
1510,30,10,0.784152090549469
1511,30,11,0.5819761753082275
1512,30,12,0.7132483720779419
1513,30,13,0.7502296566963196
1514,30,14,0.7762042880058289
1515,30,15,0.7999366521835327
1516,30,16,0.7945022583007812
1517,30,17,0.3422766029834747
1518,30,18,0.7657750248908997
1519,30,19,0.6424515843391418
1520,30,20,0.6270020604133606
1521,30,21,0.7649708986282349
1522,30,22,0.7515121698379517
1523,30,23,0.6042311787605286
1524,30,24,0.8331636190414429
1525,30,25,0.7181915044784546
1526,30,26,0.8319048881530762
1527,30,27,0.7455401420593262
1528,30,28,0.7355861663818359
1529,30,29,0.7769718170166016
1530,30,30,1.000000238418579
1531,30,31,0.733704686164856
1532,30,32,0.7216214537620544
1533,30,33,0.8308303952217102
1534,30,34,0.692443311214447
1535,30,35,0.7036262154579163
1536,30,36,0.7186464071273804
1537,30,37,0.756199836730957
1538,30,38,0.6892222762107849
1539,30,39,0.7031901478767395
1540,30,40,0.7538592219352722
1541,30,41,0.7135422825813293
1542,30,42,0.6626695394515991
1543,30,43,0.7503814697265625
1544,30,44,0.6973434686660767
1545,30,45,0.7627152800559998
1546,30,46,0.7109190225601196
1547,30,47,0.5748051404953003
1548,30,48,0.7489358186721802
1549,30,49,0.751039981842041
1550,31,0,0.6645420789718628
1551,31,1,0.7092177867889404
1552,31,2,0.7455266118049622
1553,31,3,0.667283833026886
1554,31,4,0.5893029570579529
1555,31,5,0.4921374917030334
1556,31,6,0.7237004041671753
1557,31,7,0.6613900661468506
1558,31,8,0.6585642099380493
1559,31,9,0.6638481616973877
1560,31,10,0.6708032488822937
1561,31,11,0.5017786622047424
1562,31,12,0.6163051128387451
1563,31,13,0.672160267829895
1564,31,14,0.6619960069656372
1565,31,15,0.7009255290031433
1566,31,16,0.7200404405593872
1567,31,17,0.2428920418024063
1568,31,18,0.7448670268058777
1569,31,19,0.6042903661727905
1570,31,20,0.5498515963554382
1571,31,21,0.7500941157341003
1572,31,22,0.688822865486145
1573,31,23,0.566439151763916
1574,31,24,0.8231054544448853
1575,31,25,0.6557302474975586
1576,31,26,0.660484254360199
1577,31,27,0.7173274755477905
1578,31,28,0.6697324514389038
1579,31,29,0.6429852843284607
1580,31,30,0.733704686164856
1581,31,31,1.0
1582,31,32,0.6754316091537476
1583,31,33,0.7343273162841797
1584,31,34,0.6144569516181946
1585,31,35,0.6283369660377502
1586,31,36,0.6590568423271179
1587,31,37,0.7342270016670227
1588,31,38,0.5589026808738708
1589,31,39,0.6399716138839722
1590,31,40,0.694423496723175
1591,31,41,0.6148768663406372
1592,31,42,0.467702567577362
1593,31,43,0.6755666732788086
1594,31,44,0.6246294379234314
1595,31,45,0.6362014412879944
1596,31,46,0.6036988496780396
1597,31,47,0.4798499643802643
1598,31,48,0.6872148513793945
1599,31,49,0.6510363817214966
1600,32,0,0.6741257905960083
1601,32,1,0.7034072875976562
1602,32,2,0.714352011680603
1603,32,3,0.6814765930175781
1604,32,4,0.6967763900756836
1605,32,5,0.5474193692207336
1606,32,6,0.6734343767166138
1607,32,7,0.7300840020179749
1608,32,8,0.7259066104888916
1609,32,9,0.7673138380050659
1610,32,10,0.772932231426239
1611,32,11,0.5587636828422546
1612,32,12,0.6294811964035034
1613,32,13,0.6883320808410645
1614,32,14,0.7696113586425781
1615,32,15,0.6694706082344055
1616,32,16,0.7916528582572937
1617,32,17,0.3489167392253876
1618,32,18,0.7880082726478577
1619,32,19,0.6364285349845886
1620,32,20,0.6503784656524658
1621,32,21,0.7512080669403076
1622,32,22,0.7760517001152039
1623,32,23,0.6757317781448364
1624,32,24,0.795383870601654
1625,32,25,0.6887928247451782
1626,32,26,0.692195475101471
1627,32,27,0.8127442002296448
1628,32,28,0.7209262847900391
1629,32,29,0.7153322696685791
1630,32,30,0.7216214537620544
1631,32,31,0.6754316091537476
1632,32,32,1.000000238418579
1633,32,33,0.7177770733833313
1634,32,34,0.6564021110534668
1635,32,35,0.7418943047523499
1636,32,36,0.7253611087799072
1637,32,37,0.709333062171936
1638,32,38,0.6391669511795044
1639,32,39,0.7362505197525024
1640,32,40,0.7499806880950928
1641,32,41,0.6814760565757751
1642,32,42,0.6241103410720825
1643,32,43,0.744290292263031
1644,32,44,0.6637214422225952
1645,32,45,0.7358757853507996
1646,32,46,0.7129336595535278
1647,32,47,0.4922174215316772
1648,32,48,0.6892704367637634
1649,32,49,0.7069083452224731
1650,33,0,0.7751944661140442
1651,33,1,0.8434476256370544
1652,33,2,0.7698931694030762
1653,33,3,0.7544991970062256
1654,33,4,0.733599841594696
1655,33,5,0.6735278964042664
1656,33,6,0.7720168828964233
1657,33,7,0.830582320690155
1658,33,8,0.7409507632255554
1659,33,9,0.7429447770118713
1660,33,10,0.8365474343299866
1661,33,11,0.7015073299407959
1662,33,12,0.7884385585784912
1663,33,13,0.7506586313247681
1664,33,14,0.8042232990264893
1665,33,15,0.73508220911026
1666,33,16,0.7732434272766113
1667,33,17,0.3661885857582092
1668,33,18,0.7589267492294312
1669,33,19,0.7034361362457275
1670,33,20,0.7488840222358704
1671,33,21,0.823803186416626
1672,33,22,0.7567242980003357
1673,33,23,0.630150556564331
1674,33,24,0.845787763595581
1675,33,25,0.7197420597076416
1676,33,26,0.7660216093063354
1677,33,27,0.756488561630249
1678,33,28,0.8232975602149963
1679,33,29,0.7383944988250732
1680,33,30,0.8308303952217102
1681,33,31,0.7343273162841797
1682,33,32,0.7177770733833313
1683,33,33,0.9999998807907104
1684,33,34,0.7091093063354492
1685,33,35,0.7936899662017822
1686,33,36,0.7831024527549744
1687,33,37,0.8078183531761169
1688,33,38,0.6577997207641602
1689,33,39,0.8320639133453369
1690,33,40,0.7957013845443726
1691,33,41,0.7519460916519165
1692,33,42,0.6899939179420471
1693,33,43,0.7488324642181396
1694,33,44,0.8241584897041321
1695,33,45,0.754025399684906
1696,33,46,0.7254629135131836
1697,33,47,0.5218951106071472
1698,33,48,0.8045352101325989
1699,33,49,0.7944117784500122
1700,34,0,0.7017579078674316
1701,34,1,0.7116191387176514
1702,34,2,0.6563646793365479
1703,34,3,0.635106086730957
1704,34,4,0.8515217304229736
1705,34,5,0.6683531999588013
1706,34,6,0.6010056734085083
1707,34,7,0.6500455737113953
1708,34,8,0.6482503414154053
1709,34,9,0.6492998600006104
1710,34,10,0.7680970430374146
1711,34,11,0.5601047277450562
1712,34,12,0.6783164739608765
1713,34,13,0.65960693359375
1714,34,14,0.6391484141349792
1715,34,15,0.5691240429878235
1716,34,16,0.7044847011566162
1717,34,17,0.3372166752815246
1718,34,18,0.7494466304779053
1719,34,19,0.5707301497459412
1720,34,20,0.5854470729827881
1721,34,21,0.6882398724555969
1722,34,22,0.6872693300247192
1723,34,23,0.55149245262146
1724,34,24,0.7507699131965637
1725,34,25,0.7041435241699219
1726,34,26,0.6470306515693665
1727,34,27,0.6782322525978088
1728,34,28,0.6119111776351929
1729,34,29,0.7850500345230103
1730,34,30,0.692443311214447
1731,34,31,0.6144569516181946
1732,34,32,0.6564021110534668
1733,34,33,0.7091093063354492
1734,34,34,1.0
1735,34,35,0.6480903625488281
1736,34,36,0.7902592420578003
1737,34,37,0.683556318283081
1738,34,38,0.796477735042572
1739,34,39,0.6951054334640503
1740,34,40,0.6512675285339355
1741,34,41,0.5571517944335938
1742,34,42,0.5037287473678589
1743,34,43,0.6186611652374268
1744,34,44,0.6801931858062744
1745,34,45,0.6945571303367615
1746,34,46,0.7699474096298218
1747,34,47,0.6061493158340454
1748,34,48,0.6233455538749695
1749,34,49,0.6441985368728638
1750,35,0,0.7336953282356262
1751,35,1,0.7562924027442932
1752,35,2,0.7477092742919922
1753,35,3,0.6492950320243835
1754,35,4,0.7733646631240845
1755,35,5,0.6027954816818237
1756,35,6,0.6581511497497559
1757,35,7,0.806483268737793
1758,35,8,0.6639373302459717
1759,35,9,0.7249054908752441
1760,35,10,0.8096147775650024
1761,35,11,0.6566176414489746
1762,35,12,0.7104318141937256
1763,35,13,0.7168270945549011
1764,35,14,0.7853715419769287
1765,35,15,0.6398581862449646
1766,35,16,0.7498692870140076
1767,35,17,0.4288884401321411
1768,35,18,0.7335625290870667
1769,35,19,0.752341091632843
1770,35,20,0.7616797685623169
1771,35,21,0.7312333583831787
1772,35,22,0.7347292304039001
1773,35,23,0.546527087688446
1774,35,24,0.73708575963974
1775,35,25,0.6357402205467224
1776,35,26,0.7222602367401123
1777,35,27,0.7395198345184326
1778,35,28,0.8680196404457092
1779,35,29,0.7135096788406372
1780,35,30,0.7036262154579163
1781,35,31,0.6283369660377502
1782,35,32,0.7418943047523499
1783,35,33,0.7936899662017822
1784,35,34,0.6480903625488281
1785,35,35,0.9999998807907104
1786,35,36,0.7566980719566345
1787,35,37,0.7901879549026489
1788,35,38,0.5858837366104126
1789,35,39,0.8989663124084473
1790,35,40,0.7691900134086609
1791,35,41,0.6801664233207703
1792,35,42,0.6214907765388489
1793,35,43,0.712993860244751
1794,35,44,0.8769795894622803
1795,35,45,0.6921431422233582
1796,35,46,0.668737530708313
1797,35,47,0.518290638923645
1798,35,48,0.7336854338645935
1799,35,49,0.7822415828704834
1800,36,0,0.7103850841522217
1801,36,1,0.7720854878425598
1802,36,2,0.721826434135437
1803,36,3,0.6759828329086304
1804,36,4,0.7757341861724854
1805,36,5,0.6932771801948547
1806,36,6,0.6088833808898926
1807,36,7,0.7602240443229675
1808,36,8,0.632527232170105
1809,36,9,0.7228720188140869
1810,36,10,0.8607398271560669
1811,36,11,0.6272764205932617
1812,36,12,0.7987008094787598
1813,36,13,0.7518054842948914
1814,36,14,0.721470832824707
1815,36,15,0.575567364692688
1816,36,16,0.7820559740066528
1817,36,17,0.3577792942523956
1818,36,18,0.8000767230987549
1819,36,19,0.6535782814025879
1820,36,20,0.6794953942298889
1821,36,21,0.7144712209701538
1822,36,22,0.7774059772491455
1823,36,23,0.5877195000648499
1824,36,24,0.8304667472839355
1825,36,25,0.7641915678977966
1826,36,26,0.6819111108779907
1827,36,27,0.7442032098770142
1828,36,28,0.7203511595726013
1829,36,29,0.7331495881080627
1830,36,30,0.7186464071273804
1831,36,31,0.6590568423271179
1832,36,32,0.7253611087799072
1833,36,33,0.7831024527549744
1834,36,34,0.7902592420578003
1835,36,35,0.7566980719566345
1836,36,36,1.000000238418579
1837,36,37,0.8191219568252563
1838,36,38,0.8099527359008789
1839,36,39,0.7744615077972412
1840,36,40,0.7591087818145752
1841,36,41,0.6728776693344116
1842,36,42,0.6110813617706299
1843,36,43,0.6772555708885193
1844,36,44,0.8033878803253174
1845,36,45,0.7050880193710327
1846,36,46,0.8706194758415222
1847,36,47,0.5282888412475586
1848,36,48,0.6914287209510803
1849,36,49,0.741748571395874
1850,37,0,0.7049136757850647
1851,37,1,0.8507554531097412
1852,37,2,0.7256757020950317
1853,37,3,0.6489535570144653
1854,37,4,0.710715651512146
1855,37,5,0.5878950357437134
1856,37,6,0.6725704073905945
1857,37,7,0.7792075872421265
1858,37,8,0.6731510758399963
1859,37,9,0.7277371287345886
1860,37,10,0.7910943031311035
1861,37,11,0.6615984439849854
1862,37,12,0.789730966091156
1863,37,13,0.854238748550415
1864,37,14,0.743504524230957
1865,37,15,0.6350859999656677
1866,37,16,0.8359048366546631
1867,37,17,0.3643454611301422
1868,37,18,0.7952862977981567
1869,37,19,0.7408027052879333
1870,37,20,0.741829514503479
1871,37,21,0.7699779272079468
1872,37,22,0.7436336874961853
1873,37,23,0.601895809173584
1874,37,24,0.8306457996368408
1875,37,25,0.6810465455055237
1876,37,26,0.6789546012878418
1877,37,27,0.7399434447288513
1878,37,28,0.8090553283691406
1879,37,29,0.765211820602417
1880,37,30,0.756199836730957
1881,37,31,0.7342270016670227
1882,37,32,0.709333062171936
1883,37,33,0.8078183531761169
1884,37,34,0.683556318283081
1885,37,35,0.7901879549026489
1886,37,36,0.8191219568252563
1887,37,37,1.0
1888,37,38,0.6374282240867615
1889,37,39,0.7985780239105225
1890,37,40,0.7495882511138916
1891,37,41,0.6700705289840698
1892,37,42,0.5489866137504578
1893,37,43,0.6782524585723877
1894,37,44,0.8447952270507812
1895,37,45,0.7463300824165344
1896,37,46,0.7169932126998901
1897,37,47,0.5380135178565979
1898,37,48,0.8273801803588867
1899,37,49,0.8912853002548218
1900,38,0,0.6435731649398804
1901,38,1,0.6351315975189209
1902,38,2,0.6234780550003052
1903,38,3,0.6365161538124084
1904,38,4,0.714320182800293
1905,38,5,0.6885718703269958
1906,38,6,0.5396279692649841
1907,38,7,0.5901055335998535
1908,38,8,0.6225947141647339
1909,38,9,0.6251382827758789
1910,38,10,0.7534774541854858
1911,38,11,0.5429738163948059
1912,38,12,0.6873488426208496
1913,38,13,0.5952216982841492
1914,38,14,0.683119535446167
1915,38,15,0.5506824851036072
1916,38,16,0.689973771572113
1917,38,17,0.3648024499416351
1918,38,18,0.7286368608474731
1919,38,19,0.4848499298095703
1920,38,20,0.4951773285865783
1921,38,21,0.6569910049438477
1922,38,22,0.7211372256278992
1923,38,23,0.5747142434120178
1924,38,24,0.7713000774383545
1925,38,25,0.7332237362861633
1926,38,26,0.6301815509796143
1927,38,27,0.7023961544036865
1928,38,28,0.5000234246253967
1929,38,29,0.6938923597335815
1930,38,30,0.6892222762107849
1931,38,31,0.5589026808738708
1932,38,32,0.6391669511795044
1933,38,33,0.6577997207641602
1934,38,34,0.796477735042572
1935,38,35,0.5858837366104126
1936,38,36,0.8099527359008789
1937,38,37,0.6374282240867615
1938,38,38,0.9999997615814208
1939,38,39,0.6036412715911865
1940,38,40,0.7204759120941162
1941,38,41,0.6670072078704834
1942,38,42,0.6569833755493164
1943,38,43,0.6060953140258789
1944,38,44,0.6318175196647644
1945,38,45,0.6896814107894897
1946,38,46,0.905198097229004
1947,38,47,0.5248763561248779
1948,38,48,0.5427951812744141
1949,38,49,0.5782890319824219
1950,39,0,0.7664661407470703
1951,39,1,0.8116273283958435
1952,39,2,0.7188710570335388
1953,39,3,0.6411804556846619
1954,39,4,0.792351484298706
1955,39,5,0.6733352541923523
1956,39,6,0.6266931295394897
1957,39,7,0.8675309419631958
1958,39,8,0.6502919793128967
1959,39,9,0.7258826494216919
1960,39,10,0.8314507603645325
1961,39,11,0.6987529397010803
1962,39,12,0.7371077537536621
1963,39,13,0.7520003914833069
1964,39,14,0.754785418510437
1965,39,15,0.5907797813415527
1966,39,16,0.7498588562011719
1967,39,17,0.3428875505924225
1968,39,18,0.7419954538345337
1969,39,19,0.7763906717300415
1970,39,20,0.7947146892547607
1971,39,21,0.7758451700210571
1972,39,22,0.7542526721954346
1973,39,23,0.5576901435852051
1974,39,24,0.7471845149993896
1975,39,25,0.7025089263916016
1976,39,26,0.674498438835144
1977,39,27,0.7106021642684937
1978,39,28,0.8145763278007507
1979,39,29,0.73865807056427
1980,39,30,0.7031901478767395
1981,39,31,0.6399716138839722
1982,39,32,0.7362505197525024
1983,39,33,0.8320639133453369
1984,39,34,0.6951054334640503
1985,39,35,0.8989663124084473
1986,39,36,0.7744615077972412
1987,39,37,0.7985780239105225
1988,39,38,0.6036412715911865
1989,39,39,1.000000238418579
1990,39,40,0.7833700180053711
1991,39,41,0.6699223518371582
1992,39,42,0.6229022741317749
1993,39,43,0.6927849054336548
1994,39,44,0.8371424078941345
1995,39,45,0.724441409111023
1996,39,46,0.6992534399032593
1997,39,47,0.5661841034889221
1998,39,48,0.7792469263076782
1999,39,49,0.8329756855964661
2000,40,0,0.6786019206047058
2001,40,1,0.7237405776977539
2002,40,2,0.7777142524719238
2003,40,3,0.7027395963668823
2004,40,4,0.7133780121803284
2005,40,5,0.583348274230957
2006,40,6,0.680796205997467
2007,40,7,0.7551597356796265
2008,40,8,0.7132704257965088
2009,40,9,0.7844593524932861
2010,40,10,0.822651743888855
2011,40,11,0.6281790733337402
2012,40,12,0.737951934337616
2013,40,13,0.678240180015564
2014,40,14,0.870979905128479
2015,40,15,0.6863898038864136
2016,40,16,0.7916104197502136
2017,40,17,0.4626853764057159
2018,40,18,0.7840471863746643
2019,40,19,0.621358335018158
2020,40,20,0.6178166270256042
2021,40,21,0.8432083129882812
2022,40,22,0.8133953213691711
2023,40,23,0.6251425743103027
2024,40,24,0.8547804951667786
2025,40,25,0.6759673953056335
2026,40,26,0.7005549669265747
2027,40,27,0.7874545454978943
2028,40,28,0.7257762551307678
2029,40,29,0.6856991052627563
2030,40,30,0.7538592219352722
2031,40,31,0.694423496723175
2032,40,32,0.7499806880950928
2033,40,33,0.7957013845443726
2034,40,34,0.6512675285339355
2035,40,35,0.7691900134086609
2036,40,36,0.7591087818145752
2037,40,37,0.7495882511138916
2038,40,38,0.7204759120941162
2039,40,39,0.7833700180053711
2040,40,40,1.0000001192092896
2041,40,41,0.8059201836585999
2042,40,42,0.722497284412384
2043,40,43,0.7200934886932373
2044,40,44,0.7512374520301819
2045,40,45,0.6959390044212341
2046,40,46,0.779676079750061
2047,40,47,0.4956617951393127
2048,40,48,0.7246074080467224
2049,40,49,0.7524105310440063
2050,41,0,0.5860350728034973
2051,41,1,0.6194605827331543
2052,41,2,0.6802650690078735
2053,41,3,0.6674289703369141
2054,41,4,0.6445081233978271
2055,41,5,0.5450630784034729
2056,41,6,0.6056763529777527
2057,41,7,0.7226561903953552
2058,41,8,0.6282041668891907
2059,41,9,0.7205554246902466
2060,41,10,0.7271323204040527
2061,41,11,0.6020910739898682
2062,41,12,0.6036044359207153
2063,41,13,0.6511408090591431
2064,41,14,0.8824350833892822
2065,41,15,0.6748006939888
2066,41,16,0.746917724609375
2067,41,17,0.4196482002735138
2068,41,18,0.6924827098846436
2069,41,19,0.5015549659729004
2070,41,20,0.5270687937736511
2071,41,21,0.7556486129760742
2072,41,22,0.6972774863243103
2073,41,23,0.6398250460624695
2074,41,24,0.8034691214561462
2075,41,25,0.5980404019355774
2076,41,26,0.640025794506073
2077,41,27,0.6756092309951782
2078,41,28,0.6546967029571533
2079,41,29,0.6799948811531067
2080,41,30,0.7135422825813293
2081,41,31,0.6148768663406372
2082,41,32,0.6814760565757751
2083,41,33,0.7519460916519165
2084,41,34,0.5571517944335938
2085,41,35,0.6801664233207703
2086,41,36,0.6728776693344116
2087,41,37,0.6700705289840698
2088,41,38,0.6670072078704834
2089,41,39,0.6699223518371582
2090,41,40,0.8059201836585999
2091,41,41,0.9999998211860656
2092,41,42,0.8224521279335022
2093,41,43,0.6598491072654724
2094,41,44,0.6451788544654846
2095,41,45,0.7377579212188721
2096,41,46,0.7422901391983032
2097,41,47,0.4697250127792358
2098,41,48,0.7114124894142151
2099,41,49,0.680336594581604
2100,42,0,0.609212338924408
2101,42,1,0.5723429322242737
2102,42,2,0.5594775080680847
2103,42,3,0.6033686399459839
2104,42,4,0.6297503709793091
2105,42,5,0.6081632375717163
2106,42,6,0.5148824453353882
2107,42,7,0.6956526041030884
2108,42,8,0.6214460134506226
2109,42,9,0.6850562691688538
2110,42,10,0.6758734583854675
2111,42,11,0.6575582027435303
2112,42,12,0.6006350517272949
2113,42,13,0.5699841380119324
2114,42,14,0.7805415987968445
2115,42,15,0.5893340110778809
2116,42,16,0.6630311012268066
2117,42,17,0.5626040697097778
2118,42,18,0.5735605955123901
2119,42,19,0.455989807844162
2120,42,20,0.5186196565628052
2121,42,21,0.6882050037384033
2122,42,22,0.6669927835464478
2123,42,23,0.6455885767936707
2124,42,24,0.6623967885971069
2125,42,25,0.5600215196609497
2126,42,26,0.6268236637115479
2127,42,27,0.6073247790336609
2128,42,28,0.5798234939575195
2129,42,29,0.6185311675071716
2130,42,30,0.6626695394515991
2131,42,31,0.467702567577362
2132,42,32,0.6241103410720825
2133,42,33,0.6899939179420471
2134,42,34,0.5037287473678589
2135,42,35,0.6214907765388489
2136,42,36,0.6110813617706299
2137,42,37,0.5489866137504578
2138,42,38,0.6569833755493164
2139,42,39,0.6229022741317749
2140,42,40,0.722497284412384
2141,42,41,0.8224521279335022
2142,42,42,1.0
2143,42,43,0.6212671995162964
2144,42,44,0.6174324154853821
2145,42,45,0.6961490511894226
2146,42,46,0.7426679134368896
2147,42,47,0.5071519613265991
2148,42,48,0.6090008020401001
2149,42,49,0.5814148187637329
2150,43,0,0.639201283454895
2151,43,1,0.7855754494667053
2152,43,2,0.7427404522895813
2153,43,3,0.82441246509552
2154,43,4,0.6651084423065186
2155,43,5,0.5244722962379456
2156,43,6,0.7169052958488464
2157,43,7,0.7410889863967896
2158,43,8,0.7127323746681213
2159,43,9,0.695172905921936
2160,43,10,0.7594850063323975
2161,43,11,0.5263322591781616
2162,43,12,0.6514091491699219
2163,43,13,0.6530880928039551
2164,43,14,0.7551273107528687
2165,43,15,0.6971389055252075
2166,43,16,0.7051931023597717
2167,43,17,0.3800857067108154
2168,43,18,0.7313060164451599
2169,43,19,0.5941622257232666
2170,43,20,0.6197434067726135
2171,43,21,0.7019342184066772
2172,43,22,0.7389339804649353
2173,43,23,0.5947955846786499
2174,43,24,0.7469930648803711
2175,43,25,0.6248209476470947
2176,43,26,0.8377330303192139
2177,43,27,0.6861809492111206
2178,43,28,0.7261841893196106
2179,43,29,0.6275227665901184
2180,43,30,0.7503814697265625
2181,43,31,0.6755666732788086
2182,43,32,0.744290292263031
2183,43,33,0.7488324642181396
2184,43,34,0.6186611652374268
2185,43,35,0.712993860244751
2186,43,36,0.6772555708885193
2187,43,37,0.6782524585723877
2188,43,38,0.6060953140258789
2189,43,39,0.6927849054336548
2190,43,40,0.7200934886932373
2191,43,41,0.6598491072654724
2192,43,42,0.6212671995162964
2193,43,43,1.0000001192092896
2194,43,44,0.6654573678970337
2195,43,45,0.6632362604141235
2196,43,46,0.6594113707542419
2197,43,47,0.4836777448654175
2198,43,48,0.663834810256958
2199,43,49,0.6528415679931641
2200,44,0,0.7160427570343018
2201,44,1,0.7966036796569824
2202,44,2,0.7036960124969482
2203,44,3,0.6294249296188354
2204,44,4,0.7865580320358276
2205,44,5,0.6252267956733704
2206,44,6,0.6179059743881226
2207,44,7,0.7894366383552551
2208,44,8,0.6164633631706238
2209,44,9,0.7071260213851929
2210,44,10,0.8375388383865356
2211,44,11,0.767848014831543
2212,44,12,0.7844893336296082
2213,44,13,0.7515755295753479
2214,44,14,0.7463837265968323
2215,44,15,0.5881105065345764
2216,44,16,0.726134181022644
2217,44,17,0.4612074494361877
2218,44,18,0.7379756569862366
2219,44,19,0.7649400234222412
2220,44,20,0.7921733856201172
2221,44,21,0.718977689743042
2222,44,22,0.6879280805587769
2223,44,23,0.5291333198547363
2224,44,24,0.7376631498336792
2225,44,25,0.6159826517105103
2226,44,26,0.6908861398696899
2227,44,27,0.7110074758529663
2228,44,28,0.8333919048309326
2229,44,29,0.7087517976760864
2230,44,30,0.6973434686660767
2231,44,31,0.6246294379234314
2232,44,32,0.6637214422225952
2233,44,33,0.8241584897041321
2234,44,34,0.6801931858062744
2235,44,35,0.8769795894622803
2236,44,36,0.8033878803253174
2237,44,37,0.8447952270507812
2238,44,38,0.6318175196647644
2239,44,39,0.8371424078941345
2240,44,40,0.7512374520301819
2241,44,41,0.6451788544654846
2242,44,42,0.6174324154853821
2243,44,43,0.6654573678970337
2244,44,44,1.000000238418579
2245,44,45,0.6967307329177856
2246,44,46,0.7043782472610474
2247,44,47,0.5666348338127136
2248,44,48,0.726301908493042
2249,44,49,0.808135449886322
2250,45,0,0.7342805862426758
2251,45,1,0.731713056564331
2252,45,2,0.6314436197280884
2253,45,3,0.6476584076881409
2254,45,4,0.7252019643783569
2255,45,5,0.6306301951408386
2256,45,6,0.6054813265800476
2257,45,7,0.7636282444000244
2258,45,8,0.7437998056411743
2259,45,9,0.749352216720581
2260,45,10,0.7687786817550659
2261,45,11,0.7554609775543213
2262,45,12,0.6227620840072632
2263,45,13,0.792142391204834
2264,45,14,0.7709848880767822
2265,45,15,0.6390857100486755
2266,45,16,0.8203300833702087
2267,45,17,0.3573789894580841
2268,45,18,0.7061172723770142
2269,45,19,0.6226105690002441
2270,45,20,0.5895439386367798
2271,45,21,0.7761150598526001
2272,45,22,0.7304741144180298
2273,45,23,0.6394875049591064
2274,45,24,0.7738743424415588
2275,45,25,0.6937777996063232
2276,45,26,0.66673344373703
2277,45,27,0.7202799320220947
2278,45,28,0.6800828576087952
2279,45,29,0.850011944770813
2280,45,30,0.7627152800559998
2281,45,31,0.6362014412879944
2282,45,32,0.7358757853507996
2283,45,33,0.754025399684906
2284,45,34,0.6945571303367615
2285,45,35,0.6921431422233582
2286,45,36,0.7050880193710327
2287,45,37,0.7463300824165344
2288,45,38,0.6896814107894897
2289,45,39,0.724441409111023
2290,45,40,0.6959390044212341
2291,45,41,0.7377579212188721
2292,45,42,0.6961490511894226
2293,45,43,0.6632362604141235
2294,45,44,0.6967307329177856
2295,45,45,1.000000238418579
2296,45,46,0.7491880655288696
2297,45,47,0.6410185098648071
2298,45,48,0.7175861597061157
2299,45,49,0.7723155617713928
2300,46,0,0.6588549613952637
2301,46,1,0.6836748123168945
2302,46,2,0.6565091609954834
2303,46,3,0.6682977676391602
2304,46,4,0.7869179248809814
2305,46,5,0.7103809714317322
2306,46,6,0.5684078335762024
2307,46,7,0.7004784345626831
2308,46,8,0.657096266746521
2309,46,9,0.6895346641540527
2310,46,10,0.8202909827232361
2311,46,11,0.6263161301612854
2312,46,12,0.7194528579711914
2313,46,13,0.676039457321167
2314,46,14,0.7730842232704163
2315,46,15,0.5793800354003906
2316,46,16,0.7804278135299683
2317,46,17,0.3932600617408752
2318,46,18,0.7599557042121887
2319,46,19,0.5427907705307007
2320,46,20,0.5591377019882202
2321,46,21,0.6968820095062256
2322,46,22,0.7739755511283875
2323,46,23,0.6441646814346313
2324,46,24,0.8250362277030945
2325,46,25,0.7198668718338013
2326,46,26,0.6497795581817627
2327,46,27,0.725607693195343
2328,46,28,0.5857442021369934
2329,46,29,0.7295277714729309
2330,46,30,0.7109190225601196
2331,46,31,0.6036988496780396
2332,46,32,0.7129336595535278
2333,46,33,0.7254629135131836
2334,46,34,0.7699474096298218
2335,46,35,0.668737530708313
2336,46,36,0.8706194758415222
2337,46,37,0.7169932126998901
2338,46,38,0.905198097229004
2339,46,39,0.6992534399032593
2340,46,40,0.779676079750061
2341,46,41,0.7422901391983032
2342,46,42,0.7426679134368896
2343,46,43,0.6594113707542419
2344,46,44,0.7043782472610474
2345,46,45,0.7491880655288696
2346,46,46,1.0
2347,46,47,0.5566736459732056
2348,46,48,0.6330485939979553
2349,46,49,0.6697937250137329
2350,47,0,0.4546308517456054
2351,47,1,0.5728785991668701
2352,47,2,0.5063175559043884
2353,47,3,0.5096498727798462
2354,47,4,0.6861175894737244
2355,47,5,0.533253014087677
2356,47,6,0.4321350157260895
2357,47,7,0.5746647119522095
2358,47,8,0.543408989906311
2359,47,9,0.5241470336914062
2360,47,10,0.5578339695930481
2361,47,11,0.5341423749923706
2362,47,12,0.4262885451316833
2363,47,13,0.5846399068832397
2364,47,14,0.5171138644218445
2365,47,15,0.4237494468688965
2366,47,16,0.5891900062561035
2367,47,17,0.2983351945877075
2368,47,18,0.5700929164886475
2369,47,19,0.4435621798038482
2370,47,20,0.4654121398925781
2371,47,21,0.5394402146339417
2372,47,22,0.5304379463195801
2373,47,23,0.3893439173698425
2374,47,24,0.5425649881362915
2375,47,25,0.5183022022247314
2376,47,26,0.5239320993423462
2377,47,27,0.4564441442489624
2378,47,28,0.4693765640258789
2379,47,29,0.6771721243858337
2380,47,30,0.5748051404953003
2381,47,31,0.4798499643802643
2382,47,32,0.4922174215316772
2383,47,33,0.5218951106071472
2384,47,34,0.6061493158340454
2385,47,35,0.518290638923645
2386,47,36,0.5282888412475586
2387,47,37,0.5380135178565979
2388,47,38,0.5248763561248779
2389,47,39,0.5661841034889221
2390,47,40,0.4956617951393127
2391,47,41,0.4697250127792358
2392,47,42,0.5071519613265991
2393,47,43,0.4836777448654175
2394,47,44,0.5666348338127136
2395,47,45,0.6410185098648071
2396,47,46,0.5566736459732056
2397,47,47,1.0000001192092896
2398,47,48,0.5246809124946594
2399,47,49,0.5879297256469727
2400,48,0,0.6768559217453003
2401,48,1,0.7868988513946533
2402,48,2,0.7218732237815857
2403,48,3,0.611573338508606
2404,48,4,0.6868410110473633
2405,48,5,0.5301834344863892
2406,48,6,0.6717162132263184
2407,48,7,0.7969506978988647
2408,48,8,0.6763140559196472
2409,48,9,0.7260025143623352
2410,48,10,0.741603672504425
2411,48,11,0.6238426566123962
2412,48,12,0.7281031608581543
2413,48,13,0.7936265468597412
2414,48,14,0.7474547028541565
2415,48,15,0.6697050333023071
2416,48,16,0.8104899525642395
2417,48,17,0.4252202212810516
2418,48,18,0.6827863454818726
2419,48,19,0.7176464796066284
2420,48,20,0.6704413294792175
2421,48,21,0.7549829483032227
2422,48,22,0.6905750036239624
2423,48,23,0.6213216781616211
2424,48,24,0.7869282364845276
2425,48,25,0.6022430062294006
2426,48,26,0.6625113487243652
2427,48,27,0.7250641584396362
2428,48,28,0.7981395721435547
2429,48,29,0.718614399433136
2430,48,30,0.7489358186721802
2431,48,31,0.6872148513793945
2432,48,32,0.6892704367637634
2433,48,33,0.8045352101325989
2434,48,34,0.6233455538749695
2435,48,35,0.7336854338645935
2436,48,36,0.6914287209510803
2437,48,37,0.8273801803588867
2438,48,38,0.5427951812744141
2439,48,39,0.7792469263076782
2440,48,40,0.7246074080467224
2441,48,41,0.7114124894142151
2442,48,42,0.6090008020401001
2443,48,43,0.663834810256958
2444,48,44,0.726301908493042
2445,48,45,0.7175861597061157
2446,48,46,0.6330485939979553
2447,48,47,0.5246809124946594
2448,48,48,0.9999998807907104
2449,48,49,0.826069712638855
2450,49,0,0.703305721282959
2451,49,1,0.8460410237312317
2452,49,2,0.6760663986206055
2453,49,3,0.6408356428146362
2454,49,4,0.7162520289421082
2455,49,5,0.5701629519462585
2456,49,6,0.6360593438148499
2457,49,7,0.7996631860733032
2458,49,8,0.6791613101959229
2459,49,9,0.7204340696334839
2460,49,10,0.7973036170005798
2461,49,11,0.6740328073501587
2462,49,12,0.7277164459228516
2463,49,13,0.8926140069961548
2464,49,14,0.7604150772094727
2465,49,15,0.6005932092666626
2466,49,16,0.8154042959213257
2467,49,17,0.3550272583961487
2468,49,18,0.7062631845474243
2469,49,19,0.7434166669845581
2470,49,20,0.730116605758667
2471,49,21,0.7777834534645081
2472,49,22,0.6795902252197266
2473,49,23,0.593826174736023
2474,49,24,0.7571948766708374
2475,49,25,0.6542364358901978
2476,49,26,0.6501827836036682
2477,49,27,0.7027137875556946
2478,49,28,0.786952018737793
2479,49,29,0.7792436480522156
2480,49,30,0.751039981842041
2481,49,31,0.6510363817214966
2482,49,32,0.7069083452224731
2483,49,33,0.7944117784500122
2484,49,34,0.6441985368728638
2485,49,35,0.7822415828704834
2486,49,36,0.741748571395874
2487,49,37,0.8912853002548218
2488,49,38,0.5782890319824219
2489,49,39,0.8329756855964661
2490,49,40,0.7524105310440063
2491,49,41,0.680336594581604
2492,49,42,0.5814148187637329
2493,49,43,0.6528415679931641
2494,49,44,0.808135449886322
2495,49,45,0.7723155617713928
2496,49,46,0.6697937250137329
2497,49,47,0.5879297256469727
2498,49,48,0.826069712638855
2499,49,49,0.9999997615814208
